,HISSE,Unnamed: 0,INDUSTRY-21,SEKTOR-21,pay kodu,Unnamed: 0,pay adi,1ceyrek,2ceyrek,3ceyrek,4ceyrek,5ceyrek
0,AEFES,0,Beverages/Brewers,Consumer Defensive,AEFES,12,ANADOLU EFES,XU100,XU100,XU100,XU100,XU100
1,AFYON,108,Building Materials,Basic Materials,AFYON,112,AFYON CIMENTO,,,,XU100,
2,AGHOL,1,Beverages/Non-Alcoholic,Consumer Defensive,AGHOL,0,ANADOLU GRUBU HOLDING,XU100,,,,XU100
3,AKBNK,2,Banks/Regional,Financial Services,AKBNK,1,AKBANK,XU100,XU100,XU100,XU100,XU100
4,AKCNS,3,Building Materials,Basic Materials,AKCNS,2,AKCANSA,XU100,,,,XU100
5,AKGRT,4,Insurance/Diversified,Financial Services,AKGRT,5,AKSIGORTA,XU100,,,,
6,AKSA,5,Textile Manufacturing,Consumer Cyclical,AKSA,3,AKSA,XU100,XU100,XU100,XU100,XU100
7,AKSEN,6,Utilities/Renewable,Utilities,AKSEN,4,AKSA ENERJI,XU100,XU100,XU100,XU100,XU100
8,AKSGY,7,REIT/Diversified,Real Estate,AKSGY,6,AKIS GMYO,XU100,XU100,XU100,,
9,ALARK,8,Conglomerates,Industrials,ALARK,8,ALARKO HOLDING,XU100,XU100,XU100,XU100,XU100
10,ALBRK,9,Banks/Regional,Financial Services,ALBRK,9,ALBARAKA TURK,XU100,XU100,XU100,XU100,XU100
11,ALCTL,10,Communication Equipment,Technology,ALCTL,10,ALCATEL LUCENT TELETAS,XU100,,,,
12,ALGYO,11,REIT/Diversified,Real Estate,ALGYO,7,ALARKO GMYO,XU100,XU100,XU100,XU100,XU100
13,ALKIM,12,Paper & Paper Products,Basic Materials,ALKIM,11,ALKIM KIMYA,XU100,XU100,XU100,XU100,XU100
14,ARCLK,13,Furnishings & Fixtures & Appliances,Consumer Cyclical,ARCLK,13,ARCELIK,XU100,XU100,XU100,XU100,XU100
15,ARDYZ,116,Software/Infrastructure,Technology,ARDYZ,120,ARD BILISIM TEKNOLOJILERI,,,,,XU100
16,ASELS,14,Aerospace & Defense,Industrials,ASELS,14,ASELSAN,XU100,XU100,XU100,XU100,XU100
17,AYDEM,117,Utilities/Renewable,Utilities,AYDEM,121,AYDEM ENERJI,,,,,XU100
18,AYGAZ,15,Utilities/Regulated Gas,Utilities,AYGAZ,15,AYGAZ,XU100,,,,XU100
19,BAGFS,127,Agricultural Inputs,Basic Materials,BAGFS,16,BAGFAS,XU100,XU100,,,
20,BERA,16,Conglomerates,Industrials,BERA,17,BERA HOLDING,XU100,XU100,XU100,XU100,XU100
21,BIMAS,17,Grocery Stores,Consumer Defensive,BIMAS,18,BIM MAGAZALAR,XU100,XU100,XU100,XU100,XU100
22,BIOEN,118,Utilities/Renewable,Utilities,BIOEN,122,BIOTREND CEVRE VE ENERJI,,,,,XU100
23,BIZIM,18,Department Stores,Consumer Cyclical,BIZIM,19,BIZIM MAGAZALARI,XU100,,,,
24,BRISA,19,Auto Parts,Consumer Cyclical,BRISA,21,BRISA,XU100,XU100,XU100,XU100,XU100
25,BRSAN,20,Steel,Basic Materials,BRSAN,20,BORUSAN MANNESMANN,XU100,XU100,XU100,XU100,
26,BRYAT,109,Steel,Basic Materials,BRYAT,113,BORUSAN YAT. PAZ.,,,,XU100,
27,BUCIM,21,Building Materials,Basic Materials,BUCIM,22,BURSA CIMENTO,XU100,XU100,XU100,,
28,CANTE,119,Utilities/Independent Power Producers,Utilities,CANTE,123,CAN2 TERMIK,,,,,XU100
29,CCOLA,22,Beverages/Non-Alcoholic,Consumer Defensive,CCOLA,23,COCA COLA ICECEK,XU100,XU100,XU100,XU100,XU100
30,CEMAS,99,Metal Fabrication,Industrials,CEMAS,100,CEMAS DOKUM,,XU100,XU100,XU100,
31,CEMTS,23,Steel,Basic Materials,CEMTS,24,CEMTAS,XU100,XU100,XU100,XU100,XU100
32,CIMSA,24,Building Materials,Basic Materials,CIMSA,25,CIMSA,XU100,XU100,XU100,XU100,XU100
33,DEVA,25,Drug Manufacturers/Specialty & Generic,Healthcare,DEVA,26,DEVA HOLDING,XU100,XU100,XU100,XU100,XU100
34,DOAS,26,Auto & Truck Dealerships,Consumer Cyclical,DOAS,28,DOGUS OTOMOTIV,XU100,XU100,XU100,XU100,XU100
35,DOHOL,27,Conglomerates,Industrials,DOHOL,27,DOGAN HOLDING,XU100,XU100,XU100,XU100,XU100
36,ECILC,28,Drug Manufacturers/General,Healthcare,ECILC,29,ECZACIBASI ILAC,XU100,XU100,XU100,XU100,XU100
37,ECZYT,29,Conglomerates,Industrials,ECZYT,111,ECZACIBASI YATIRIM,,,XU100,XU100,
38,EGEEN,30,Auto Parts,Consumer Cyclical,EGEEN,30,EGE ENDUSTRI,XU100,XU100,XU100,XU100,XU100
39,EGGUB,31,Agricultural Inputs,Basic Materials,EGGUB,31,EGE GUBRE,XU100,XU100,XU100,XU100,
40,EKGYO,32,REIT/Residential,Real Estate,EKGYO,32,EMLAK KONUT GMYO,XU100,XU100,XU100,XU100,XU100
41,ENJSA,33,Utilities/Regulated Electric,Utilities,ENJSA,33,ENERJISA ENERJI,XU100,XU100,XU100,XU100,XU100
42,ENKAI,34,Engineering & Construction,Industrials,ENKAI,34,ENKA INSAAT,XU100,,,XU100,XU100
43,ERBOS,110,Metal Fabrication,Industrials,ERBOS,114,ERBOSAN,,,,XU100,XU100
44,EREGL,35,Steel,Basic Materials,EREGL,35,EREGLI DEMIR CELIK,XU100,XU100,XU100,XU100,XU100
45,ESEN,100,Utilities/Renewable,Utilities,ESEN,101,ESENBOGA ELEKTRIK,,XU100,XU100,XU100,XU100
46,FENER,101,Entertainment,Communication Services,FENER,102,FENERBAHCE FUTBOL,,XU100,XU100,XU100,
47,FROTO,36,Auto Manufacturers,Consumer Cyclical,FROTO,36,FORD OTOSAN,XU100,XU100,XU100,XU100,XU100
48,GARAN,37,Banks/Regional,Financial Services,GARAN,37,GARANTI BANKASI,XU100,XU100,XU100,XU100,XU100
49,GLYHO,111,Conglomerates,Industrials,GLYHO,116,GLOBAL YAT. HOLDING,,,,XU100,XU100
50,GOODY,38,Auto Parts,Consumer Cyclical,GOODY,38,GOOD-YEAR,XU100,XU100,XU100,,
51,GOZDE,39,Asset Management,Financial Services,GOZDE,39,GOZDE GIRISIM,XU100,XU100,XU100,XU100,XU100
52,GSDHO,40,Asset Management,Financial Services,GSDHO,40,GSD HOLDING,XU100,XU100,XU100,,
53,GSRAY,112,Entertainment,Communication Services,GSRAY,115,GALATASARAY SPORTIF,,,,XU100,
54,GUBRF,41,Agricultural Inputs,Basic Materials,GUBRF,41,GUBRE FABRIK.,XU100,XU100,XU100,XU100,XU100
55,HALKB,42,Banks/Regional,Financial Services,HALKB,80,T. HALK BANKASI,XU100,XU100,XU100,XU100,XU100
56,HDFGS,113,Asset Management,Financial Services,HDFGS,117,HEDEF GIRISIM,,,,XU100,
57,HEKTS,43,Agricultural Inputs,Basic Materials,HEKTS,43,HEKTAS,XU100,XU100,XU100,XU100,XU100
58,HLGYO,44,REIT/Diversified,Real Estate,HLGYO,42,HALK GMYO,XU100,XU100,XU100,,XU100
59,IHLAS,128,Conglomerates,Industrials,IHLAS,103,IHLAS HOLDING,,XU100,XU100,XU100,
60,IHLGM,45,Real Estate/Diversified,Real Estate,IHLGM,44,IHLAS GAYRIMENKUL,XU100,XU100,XU100,XU100,
61,INDES,46,Computer Hardware,Technology,INDES,45,INDEKS BILGISAYAR,XU100,XU100,XU100,XU100,XU100
62,IPEKE,47,Gold,Basic Materials,IPEKE,46,IPEK DOGAL ENERJI,XU100,XU100,XU100,XU100,
63,ISCTR,48,Banks/Regional,Financial Services,ISCTR,47,IS BANKASI (C),XU100,XU100,XU100,XU100,XU100
64,ISDMR,120,Steel,Basic Materials,ISDMR,48,ISKENDERUN DEMIR CELIK,XU100,,,,XU100
65,ISFIN,49,Credit Services,Financial Services,ISFIN,49,IS FIN.KIR.,XU100,XU100,XU100,XU100,XU100
66,ISGYO,50,REIT/Diversified,Real Estate,ISGYO,50,IS GMYO,XU100,XU100,XU100,XU100,XU100
67,ISMEN,51,Capital Markets,Financial Services,ISMEN,51,IS Y. MEN. DEG.,XU100,XU100,XU100,XU100,XU100
68,IZMDC,121,Steel,Basic Materials,IZMDC,125,IZMIR DEMIR CELIK,,,,,XU100
69,JANTS,102,Auto Parts,Consumer Cyclical,JANTS,104,JANTSA JANT SANAYI,,XU100,XU100,XU100,
70,KARSN,52,Auto Manufacturers,Consumer Cyclical,KARSN,53,KARSAN OTOMOTIV,XU100,XU100,XU100,XU100,XU100
71,KARTN,53,Packaging & Containers,Consumer Cyclical,KARTN,54,KARTONSAN,XU100,XU100,XU100,XU100,XU100
72,KCHOL,54,Conglomerates,Industrials,KCHOL,56,KOC HOLDING,XU100,XU100,XU100,XU100,XU100
73,KERVT,55,Packaged Foods,Consumer Defensive,KERVT,55,KEREVITAS GIDA,XU100,XU100,XU100,XU100,XU100
74,KONYA,56,Building Materials,Basic Materials,KONYA,57,KONYA CIMENTO,XU100,XU100,XU100,XU100,
75,KORDS,57,Textile Manufacturing,Consumer Cyclical,KORDS,58,KORDSA TEKNIK TEKSTIL,XU100,XU100,XU100,XU100,XU100
76,KOZAA,58,Other Industrial Metals & Mining,Basic Materials,KOZAA,60,KOZA MADENCILIK,XU100,XU100,XU100,XU100,XU100
77,KOZAL,59,Gold,Basic Materials,KOZAL,59,KOZA ALTIN,XU100,XU100,XU100,XU100,XU100
78,KRDMD,60,Steel,Basic Materials,KRDMD,52,KARDEMIR (D),XU100,XU100,XU100,XU100,XU100
79,KRVGD,103,Confectioners,Consumer Defensive,KRVGD,105,KERVAN GIDA,,XU100,XU100,XU100,XU100
80,LOGO,61,Software/Application,Technology,LOGO,61,LOGO YAZILIM,XU100,,,XU100,XU100
81,MAVI,62,Apparel Retail,Consumer Cyclical,MAVI,62,MAVI GIYIM,XU100,XU100,XU100,,XU100
82,MGROS,63,Grocery Stores,Consumer Defensive,MGROS,64,MIGROS TICARET,XU100,XU100,XU100,XU100,XU100
83,MPARK,64,Medical Care Facilities,Healthcare,MPARK,63,MLP SAGLIK,XU100,XU100,XU100,XU100,XU100
84,NETAS,65,Communication Equipment,Technology,NETAS,66,NETAS TELEKOM.,XU100,XU100,XU100,XU100,XU100
85,NTHOL,66,Travel Services,Consumer Cyclical,NTHOL,65,NET HOLDING,XU100,XU100,XU100,XU100,
86,NUHCM,104,Building Materials,Basic Materials,NUHCM,106,NUH CIMENTO,,XU100,XU100,XU100,
87,ODAS,67,Utilities/Regulated Electric,Utilities,ODAS,67,ODAS ELEKTRIK,XU100,XU100,XU100,XU100,XU100
88,OTKAR,68,Auto Manufacturers,Consumer Cyclical,OTKAR,68,OTOKAR,XU100,XU100,XU100,XU100,XU100
89,OYAKC,69,Building Materials,Basic Materials,OYAKC,69,OYAK CIMENTO,XU100,XU100,XU100,XU100,XU100
90,OZKGY,70,REIT/Diversified,Real Estate,OZKGY,70,OZAK GMYO,XU100,,,,
91,PARSN,129,Specialty Industrial Machinery,Industrials,PARSN,107,PARSAN,,XU100,XU100,XU100,XU100
92,PETKM,71,Chemicals,Basic Materials,PETKM,72,PETKIM,XU100,XU100,XU100,XU100,XU100
93,PGSUS,72,Airlines,Industrials,PGSUS,71,PEGASUS,XU100,XU100,XU100,XU100,XU100
94,PNSUT,73,Packaged Foods,Consumer Defensive,PNSUT,73,PINAR SUT,XU100,,,,
95,POLHO,105,Specialty Chemicals,Basic Materials,POLHO,108,POLISAN HOLDING,,XU100,XU100,,
96,QUAGR,122,Building Products & Equipment,Industrials,QUAGR,124,QUA GRANITE HAYAL YAPI,,,,,XU100
97,RTALB,114,Biotechnology,Healthcare,RTALB,118,RTA LABORATUVARLARI,,,,XU100,
98,SAHOL,74,Banks/Regional,Financial Services,SAHOL,74,SABANCI HOLDING,XU100,XU100,XU100,XU100,XU100
99,SARKY,123,Copper,Basic Materials,SARKY,126,SARKUYSAN,,,,,XU100
100,SASA,75,Textile Manufacturing,Consumer Cyclical,SASA,75,SASA POLYESTER,XU100,XU100,XU100,XU100,XU100
101,SELEC,76,Pharmaceutical Retailers,Healthcare,SELEC,76,SELCUK ECZA DEPOSU,XU100,XU100,XU100,XU100,XU100
102,SISE,77,Specialty Chemicals,Basic Materials,SISE,79,SISE CAM,XU100,XU100,XU100,XU100,XU100
103,SKBNK,78,Banks/Regional,Financial Services,SKBNK,78,SEKERBANK,XU100,XU100,XU100,XU100,XU100
104,SOKM,79,Department Stores,Consumer Cyclical,SOKM,77,SOK MARKETLER TICARET,XU100,XU100,XU100,XU100,XU100
105,TATGD,80,Packaged Foods,Consumer Defensive,TATGD,82,TAT GIDA,XU100,XU100,XU100,,
106,TAVHL,81,Airports & Air Services,Industrials,TAVHL,83,TAV HAVALIMANLARI,XU100,XU100,XU100,XU100,XU100
107,TCELL,82,Telecom Services,Communication Services,TCELL,87,TURKCELL,XU100,XU100,XU100,XU100,XU100
108,THYAO,83,Airlines,Industrials,THYAO,89,TURK HAVA YOLLARI,XU100,XU100,XU100,XU100,XU100
109,TKFEN,84,Engineering & Construction,Industrials,TKFEN,84,TEKFEN HOLDING,XU100,XU100,XU100,XU100,XU100
110,TKNSA,106,Specialty Retail,Consumer Cyclical,TKNSA,109,TEKNOSA IC VE DIS TICARET,,XU100,XU100,XU100,XU100
111,TMSN,124,Farm & Heavy Construction Machinery,Industrials,TMSN,128,TUMOSAN MOTOR VE TRAKTOR,,,,,XU100
112,TOASO,85,Auto Manufacturers,Consumer Cyclical,TOASO,85,TOFAS OTO. FAB.,XU100,XU100,XU100,XU100,XU100
113,TRGYO,87,REIT/Retail,Real Estate,TRGYO,86,TORUNLAR GMYO,XU100,XU100,XU100,XU100,XU100
114,TRILC,125,Drug Manufacturers/Specialty & Generic,Healthcare,TRILC,127,TURK ILAC SERUM,,,,,XU100
115,TSKB,88,Banks/Regional,Financial Services,TSKB,81,T.S.K.B.,XU100,XU100,XU100,XU100,XU100
116,TTKOM,89,Telecom Services,Communication Services,TTKOM,90,TURK TELEKOM,XU100,XU100,XU100,XU100,XU100
117,TTRAK,86,Farm & Heavy Construction Machinery,Industrials,TTRAK,91,TURK TRAKTOR,XU100,XU100,XU100,XU100,XU100
118,TUKAS,107,Packaged Foods,Consumer Defensive,TUKAS,110,TUKAS,,XU100,XU100,,
119,TUPRS,90,Oil & Gas Refining & Marketing,Energy,TUPRS,88,TUPRAS,XU100,XU100,XU100,XU100,XU100
120,TURSG,91,Insurance/Property & Casualty,Financial Services,TURSG,92,TURKIYE SIGORTA,XU100,XU100,XU100,XU100,XU100
121,ULKER,92,Confectioners,Consumer Defensive,ULKER,93,ULKER BISKUVI,XU100,XU100,XU100,XU100,XU100
122,VAKBN,93,Banks/Regional,Financial Services,VAKBN,94,VAKIFLAR BANKASI,XU100,XU100,XU100,XU100,XU100
123,VERUS,94,Asset Management,Financial Services,VERUS,95,VERUSA HOLDING,XU100,XU100,XU100,XU100,XU100
124,VESBE,115,Furnishings & Fixtures & Appliances,Consumer Cyclical,VESBE,119,VESTEL BEYAZ ESYA,,,,XU100,XU100
125,VESTL,95,Consumer Electronics,Technology,VESTL,96,VESTEL,XU100,XU100,XU100,XU100,XU100
126,YATAS,96,Furnishings & Fixtures & Appliances,Consumer Cyclical,YATAS,98,YATAS,XU100,XU100,XU100,,XU100
127,YKBNK,97,Banks/Regional,Financial Services,YKBNK,97,YAPI VE KREDI BANK.,XU100,XU100,XU100,XU100,XU100
128,ZOREN,98,Utilities/Diversified,Utilities,ZOREN,99,ZORLU ENERJI,XU100,XU100,XU100,XU100,XU100
129,ZRGYO,126,REIT/Diversified,Real Estate,ZRGYO,129,ZIRAAT GMYO,,,,,XU100
