,HISSE,Unnamed: 0,INDUSTRY-22,SEKTOR-22,pay kodu,Unnamed: 0,pay adi,1ceyrek,2ceyrek,3ceyrek,4ceyrek
0,ADESE,0,Discount Stores,Consumer Defensive,ADESE,0,ADESE ALISVERIS TICARET,XU100,,,
1,AEFES,1,Beverages/Brewers,Consumer Defensive,AEFES,1,ANADOLU EFES,XU100,XU100,XU100,XU100
2,AGHOL,2,Beverages/Non-Alcoholic,Consumer Defensive,AGHOL,2,ANADOLU GRUBU HOLDING,XU100,XU100,XU100,XU100
3,AKBNK,3,Banks/Regional,Financial Services,AKBNK,3,AKBANK,XU100,XU100,XU100,XU100
4,AKFGY,109,REIT/Hotel & Motel,Real Estate,AKFGY,110,AKFEN GMYO,,,XU100,XU100
5,AKSA,4,Textile Manufacturing,Consumer Cyclical,AKSA,4,AKSA,XU100,XU100,XU100,XU100
6,AKSEN,5,Utilities/Renewable,Utilities,AKSEN,5,AKSA ENERJI,XU100,XU100,XU100,XU100
7,ALARK,6,Conglomerates,Industrials,ALARK,6,ALARKO HOLDING,XU100,XU100,XU100,XU100
8,ALBRK,110,Banks/Regional,Financial Services,ALBRK,111,ALBARAKA TURK,,,XU100,XU100
9,ALGYO,7,REIT/Diversified,Real Estate,ALGYO,7,ALARKO GMYO,XU100,XU100,XU100,XU100
10,ALKIM,8,Paper & Paper Products,Basic Materials,ALKIM,8,ALKIM KIMYA,XU100,XU100,XU100,XU100
11,ARASE,99,Utilities/Independent Power Producers,Utilities,ARASE,100,DOGU ARAS ENERJI,,XU100,,
12,ARCLK,9,Furnishings & Fixtures & Appliances,Consumer Cyclical,ARCLK,9,ARCELIK,XU100,XU100,XU100,XU100
13,ARDYZ,10,Software/Infrastructure,Technology,ARDYZ,10,ARD BILISIM TEKNOLOJILERI,XU100,XU100,XU100,
14,ASELS,11,Aerospace & Defense,Industrials,ASELS,11,ASELSAN,XU100,XU100,XU100,XU100
15,AYDEM,12,Utilities/Renewable,Utilities,AYDEM,12,AYDEM ENERJI,XU100,XU100,XU100,XU100
16,BAGFS,111,Agricultural Inputs,Basic Materials,BAGFS,112,BAGFAS,,,XU100,XU100
17,BASGZ,13,Utilities/Regulated Gas,Utilities,BASGZ,13,BASKENT DOGALGAZ GMYO,XU100,XU100,XU100,XU100
18,BERA,14,Conglomerates,Industrials,BERA,14,BERA HOLDING,XU100,XU100,XU100,XU100
19,BIMAS,15,Grocery Stores,Consumer Defensive,BIMAS,15,BIM MAGAZALAR,XU100,XU100,XU100,XU100
20,BIOEN,16,Utilities/Renewable,Utilities,BIOEN,16,BIOTREND CEVRE VE ENERJI,XU100,XU100,,
21,BRISA,17,Auto Parts,Consumer Cyclical,BRISA,17,BRISA,XU100,XU100,,
22,BRYAT,18,Steel,Basic Materials,BRYAT,18,BORUSAN YAT. PAZ.,XU100,XU100,XU100,XU100
23,BUCIM,112,Building Materials,Basic Materials,BUCIM,113,BURSA CIMENTO,,,XU100,XU100
24,CANTE,19,Utilities/Independent Power Producers,Utilities,CANTE,19,CAN2 TERMIK,XU100,XU100,,
25,CCOLA,20,Beverages/Non-Alcoholic,Consumer Defensive,CCOLA,20,COCA COLA ICECEK,XU100,XU100,XU100,XU100
26,CEMAS,21,Metal Fabrication,Industrials,CEMAS,21,CEMAS DOKUM,XU100,,,
27,CEMTS,113,Steel,Basic Materials,CEMTS,114,CEMTAS,,,XU100,XU100
28,CIMSA,22,Building Materials,Basic Materials,CIMSA,22,CIMSA,XU100,XU100,XU100,XU100
29,DEVA,23,Drug Manufacturers/Specialty & Generic,Healthcare,DEVA,23,DEVA HOLDING,XU100,XU100,XU100,XU100
30,DOAS,24,Auto & Truck Dealerships,Consumer Cyclical,DOAS,24,DOGUS OTOMOTIV,XU100,XU100,XU100,XU100
31,DOHOL,25,Conglomerates,Industrials,DOHOL,25,DOGAN HOLDING,XU100,XU100,XU100,XU100
32,ECILC,26,Drug Manufacturers/General,Healthcare,ECILC,26,ECZACIBASI ILAC,XU100,XU100,XU100,XU100
33,EGEEN,27,Auto Parts,Consumer Cyclical,EGEEN,27,EGE ENDUSTRI,XU100,XU100,XU100,XU100
34,EKGYO,28,REIT/Residential,Real Estate,EKGYO,28,EMLAK KONUT GMYO,XU100,XU100,XU100,XU100
35,ENJSA,29,Utilities/Regulated Electric,Utilities,ENJSA,29,ENERJISA ENERJI,XU100,XU100,XU100,XU100
36,ENKAI,30,Engineering & Construction,Industrials,ENKAI,30,ENKA INSAAT,XU100,XU100,XU100,XU100
37,ERBOS,31,Metal Fabrication,Industrials,ERBOS,31,ERBOSAN,XU100,XU100,XU100,XU100
38,EREGL,32,Steel,Basic Materials,EREGL,32,EREGLI DEMIR CELIK,XU100,XU100,XU100,XU100
39,ESEN,33,Utilities/Renewable,Utilities,ESEN,33,ESENBOGA ELEKTRIK,XU100,XU100,,
40,FROTO,34,Auto Manufacturers,Consumer Cyclical,FROTO,34,FORD OTOSAN,XU100,XU100,XU100,XU100
41,GARAN,35,Banks/Regional,Financial Services,GARAN,35,GARANTI BANKASI,XU100,XU100,XU100,XU100
42,GENIL,36,Drug Manufacturers/Specialty & Generic,Healthcare,GENIL,36,GEN ILAC,XU100,XU100,XU100,XU100
43,GESAN,37,Engineering & Construction,Industrials,GESAN,37,GIRISIM ELEKTRIK SANAYI,XU100,,,XU100
44,GLYHO,38,Conglomerates,Industrials,GLYHO,38,GLOBAL YAT. HOLDING,XU100,XU100,XU100,XU100
45,GOZDE,39,Asset Management,Financial Services,GOZDE,39,GOZDE GIRISIM,XU100,XU100,XU100,XU100
46,GSDHO,100,Asset Management,Financial Services,GSDHO,101,GSD HOLDING,,XU100,XU100,XU100
47,GUBRF,40,Agricultural Inputs,Basic Materials,GUBRF,40,GUBRE FABRIK.,XU100,XU100,XU100,XU100
48,GWIND,101,Utilities/Renewable,Utilities,GWIND,102,GALATA WIND ENERJI,,XU100,XU100,XU100
49,HALKB,41,Banks/Regional,Financial Services,HALKB,41,T. HALK BANKASI,XU100,XU100,XU100,XU100
50,HEKTS,42,Agricultural Inputs,Basic Materials,HEKTS,42,HEKTAS,XU100,XU100,XU100,XU100
51,INDES,43,Computer Hardware,Technology,INDES,43,INDEKS BILGISAYAR,XU100,XU100,XU100,
52,INVES,114,Asset Management,Financial Services,INVES,115,INVESTCO HOLDING,,,XU100,
53,IPEKE,44,Gold,Basic Materials,IPEKE,44,IPEK DOGAL ENERJI,XU100,XU100,XU100,XU100
54,ISCTR,45,Banks/Regional,Financial Services,ISCTR,45,IS BANKASI (C),XU100,XU100,XU100,XU100
55,ISDMR,46,Steel,Basic Materials,ISDMR,46,ISKENDERUN DEMIR CELIK,XU100,XU100,XU100,XU100
56,ISFIN,47,Credit Services,Financial Services,ISFIN,47,IS FIN.KIR.,XU100,XU100,XU100,XU100
57,ISGYO,48,REIT/Diversified,Real Estate,ISGYO,48,IS GMYO,XU100,XU100,XU100,XU100
58,ISMEN,49,Capital Markets,Financial Services,ISMEN,49,IS Y. MEN. DEG.,XU100,XU100,XU100,XU100
59,IZMDC,50,Steel,Basic Materials,IZMDC,50,IZMIR DEMIR CELIK,XU100,,,
60,JANTS,102,Auto Parts,Consumer Cyclical,JANTS,103,JANTSA JANT SANAYI,,XU100,XU100,XU100
61,KARSN,51,Auto Manufacturers,Consumer Cyclical,KARSN,51,KARSAN OTOMOTIV,XU100,XU100,XU100,XU100
62,KARTN,52,Packaging & Containers,Consumer Cyclical,KARTN,52,KARTONSAN,XU100,XU100,,XU100
63,KCHOL,53,Conglomerates,Industrials,KCHOL,53,KOC HOLDING,XU100,XU100,XU100,XU100
64,KERVT,54,Packaged Foods,Consumer Defensive,KERVT,54,KEREVITAS GIDA,XU100,,,
65,KONTR,103,Conglomerates,Industrials,KONTR,104,KONTROLMATIK TEKNOLOJI,,XU100,XU100,XU100
66,KORDS,55,Textile Manufacturing,Consumer Cyclical,KORDS,55,KORDSA TEKNIK TEKSTIL,XU100,XU100,XU100,XU100
67,KOZAA,56,Other Industrial Metals & Mining,Basic Materials,KOZAA,56,KOZA MADENCILIK,XU100,XU100,XU100,XU100
68,KOZAL,57,Gold,Basic Materials,KOZAL,57,KOZA ALTIN,XU100,XU100,XU100,XU100
69,KRDMD,58,Steel,Basic Materials,KRDMD,58,KARDEMIR (D),XU100,XU100,XU100,XU100
70,KRVGD,59,Confectioners,Consumer Defensive,KRVGD,59,KERVAN GIDA,XU100,,,
71,KUTPO,104,Furnishings & Fixtures & Appliances,Consumer Cyclical,KUTPO,105,KUTAHYA PORSELEN,,XU100,,
72,KZBGY,105,REIT/Hotel & Motel,Real Estate,KZBGY,106,KIZILBUK GYO,,XU100,,
73,LOGO,60,Software/Application,Technology,LOGO,60,LOGO YAZILIM,XU100,XU100,XU100,XU100
74,MAVI,61,Apparel Retail,Consumer Cyclical,MAVI,61,MAVI GIYIM,XU100,XU100,XU100,XU100
75,MGROS,62,Grocery Stores,Consumer Defensive,MGROS,62,MIGROS TICARET,XU100,XU100,XU100,XU100
76,NTHOL,63,Travel Services,Consumer Cyclical,NTHOL,63,NET HOLDING,XU100,XU100,XU100,XU100
77,NUGYO,106,REIT/Diversified,Real Estate,NUGYO,107,NUROL GMYO,,XU100,XU100,XU100
78,ODAS,64,Utilities/Regulated Electric,Utilities,ODAS,64,ODAS ELEKTRIK,XU100,XU100,XU100,XU100
79,OTKAR,65,Auto Manufacturers,Consumer Cyclical,OTKAR,65,OTOKAR,XU100,XU100,XU100,XU100
80,OYAKC,66,Building Materials,Basic Materials,OYAKC,66,OYAK CIMENTO,XU100,XU100,XU100,XU100
81,PARSN,122,Specialty Industrial Machinery,Industrials,PARSN,67,PARSAN,XU100,XU100,XU100,
82,PETKM,67,Chemicals,Basic Materials,PETKM,68,PETKIM,XU100,XU100,XU100,XU100
83,PGSUS,68,Airlines,Industrials,PGSUS,69,PEGASUS,XU100,XU100,XU100,XU100
84,PRKAB,116,Electrical Equipment & Parts,Industrials,PRKAB,117,TURK PRYSMIAN KABLO,,,,XU100
85,PSGYO,115,REIT/Diversified,Real Estate,PSGYO,116,PASIFIK GMYO,,,XU100,XU100
86,QUAGR,69,Building Products & Equipment,Industrials,QUAGR,70,QUA GRANITE HAYAL YAPI,XU100,XU100,XU100,XU100
87,RTALB,70,Biotechnology,Healthcare,RTALB,71,RTA LABORATUVARLARI,XU100,,,
88,SAHOL,71,Banks/Regional,Financial Services,SAHOL,72,SABANCI HOLDING,XU100,XU100,XU100,XU100
89,SARKY,72,Copper,Basic Materials,SARKY,73,SARKUYSAN,XU100,,,
90,SASA,73,Textile Manufacturing,Consumer Cyclical,SASA,74,SASA POLYESTER,XU100,XU100,XU100,XU100
91,SELEC,74,Pharmaceutical Retailers,Healthcare,SELEC,75,SELCUK ECZA DEPOSU,XU100,XU100,XU100,XU100
92,SISE,75,Specialty Chemicals,Basic Materials,SISE,76,SISE CAM,XU100,XU100,XU100,XU100
93,SKBNK,76,Banks/Regional,Financial Services,SKBNK,77,SEKERBANK,XU100,XU100,XU100,XU100
94,SMRTG,117,Solar,Technology,SMRTG,118,SMART GUNES ENERJISI TEK.,,,,XU100
95,SNGYO,107,REIT/Residential,Real Estate,SNGYO,108,SINPAS GMYO,,XU100,XU100,XU100
96,SOKM,77,Department Stores,Consumer Cyclical,SOKM,78,SOK MARKETLER TICARET,XU100,XU100,XU100,XU100
97,TAVHL,78,Airports & Air Services,Industrials,TAVHL,79,TAV HAVALIMANLARI,XU100,XU100,XU100,XU100
98,TCELL,79,Telecom Services,Communication Services,TCELL,80,TURKCELL,XU100,XU100,XU100,XU100
99,THYAO,80,Airlines,Industrials,THYAO,81,TURK HAVA YOLLARI,XU100,XU100,XU100,XU100
100,TKFEN,81,Engineering & Construction,Industrials,TKFEN,82,TEKFEN HOLDING,XU100,XU100,XU100,XU100
101,TKNSA,82,Specialty Retail,Consumer Cyclical,TKNSA,83,TEKNOSA IC VE DIS TICARET,XU100,XU100,XU100,
102,TMSN,118,Farm & Heavy Construction Machinery,Industrials,TMSN,119,TUMOSAN MOTOR VE TRAKTOR,,,,XU100
103,TOASO,83,Auto Manufacturers,Consumer Cyclical,TOASO,84,TOFAS OTO. FAB.,XU100,XU100,XU100,XU100
104,TRGYO,85,REIT/Retail,Real Estate,TRGYO,85,TORUNLAR GMYO,XU100,XU100,XU100,XU100
105,TRILC,108,Drug Manufacturers/Specialty & Generic,Healthcare,TRILC,109,TURK ILAC SERUM,,XU100,XU100,
106,TSKB,86,Banks/Regional,Financial Services,TSKB,86,T.S.K.B.,XU100,XU100,XU100,XU100
107,TSPOR,119,Broadcasting,Communication Services,TSPOR,120,TRABZONSPOR SPORTIF,,,,XU100
108,TTKOM,87,Telecom Services,Communication Services,TTKOM,87,TURK TELEKOM,XU100,XU100,XU100,XU100
109,TTRAK,84,Farm & Heavy Construction Machinery,Industrials,TTRAK,88,TURK TRAKTOR,XU100,XU100,XU100,XU100
110,TUKAS,120,Packaged Foods,Consumer Defensive,TUKAS,121,TUKAS,,,,XU100
111,TUPRS,88,Oil & Gas Refining & Marketing,Energy,TUPRS,89,TUPRAS,XU100,XU100,XU100,XU100
112,TURSG,89,Insurance/Property & Casualty,Financial Services,TURSG,90,TURKIYE SIGORTA,XU100,XU100,XU100,XU100
113,ULKER,90,Confectioners,Consumer Defensive,ULKER,91,ULKER BISKUVI,XU100,XU100,XU100,XU100
114,VAKBN,91,Banks/Regional,Financial Services,VAKBN,92,VAKIFLAR BANKASI,XU100,XU100,XU100,XU100
115,VERUS,92,Asset Management,Financial Services,VERUS,93,VERUSA HOLDING,XU100,,,
116,VESBE,93,Furnishings & Fixtures & Appliances,Consumer Cyclical,VESBE,94,VESTEL BEYAZ ESYA,XU100,XU100,XU100,XU100
117,VESTL,94,Consumer Electronics,Technology,VESTL,95,VESTEL,XU100,XU100,XU100,XU100
118,YATAS,95,Furnishings & Fixtures & Appliances,Consumer Cyclical,YATAS,96,YATAS,XU100,,XU100,XU100
119,YKBNK,96,Banks/Regional,Financial Services,YKBNK,97,YAPI VE KREDI BANK.,XU100,XU100,XU100,XU100
120,YYLGD,121,Farm Products,Consumer Defensive,YYLGD,122,YAYLA GIDA,,,,XU100
121,ZOREN,97,Utilities/Diversified,Utilities,ZOREN,98,ZORLU ENERJI,XU100,XU100,XU100,
122,ZRGYO,98,REIT/Diversified,Real Estate,ZRGYO,99,ZIRAAT GMYO,XU100,XU100,XU100,
